"","article_title","n","mins","hrs"
"1","Protesters throw soup at Mona Lisa painting",483,2415,40.25
"2","Twins separated and sold at birth reunited by TikTok",483,2415,40.25
"3","Swedish alarm after defence chiefs' war warning",458,2290,38.1666666666667
"4","Huge ancient city found in the Amazon",437,2185,36.4166666666667
"5","Stunning shot of polar bear drifting to sleep wins award",430,2150,35.8333333333333
"6","Liberia's new leader fails to end inauguration speech",403,2015,33.5833333333333
"7","Nigerian actor's children arrested over his medical bills",339,1695,28.25
"8","Taylor Swift deepfakes spark calls for US legislation",335,1675,27.9166666666667
"9","Inert nuclear missile found in US man's garage",329,1645,27.4166666666667
"10","World's largest cruise ship sets sail from Miami",328,1640,27.3333333333333
"11","Did bodybuilding bring on my early perimenopause?",314,1570,26.1666666666667
"12","King Charles diagnosed with cancer",313,1565,26.0833333333333
"13","I noticed a bulging lump sensation in my vagina",303,1515,25.25
"14","Is North Korea's leader actually considering war?",297,1485,24.75
"15","Huge galaxy ring challenges thinking on universe",291,1455,24.25
"16","Defamation defeat a double-edged sword for Trump",290,1450,24.1666666666667
"17","New Iceland eruption triggers state of emergency",288,1440,24
"18","They fled as lava spilled into town - and they may never return",288,1440,24
"19","'Drugged, robbed, killed': One city's deadly dating trap",284,1420,23.6666666666667
"20","Grammy Awards red carpet and ceremony in pictures",281,1405,23.4166666666667
"21","No more easy deals for Russian convicts freed to fight",280,1400,23.3333333333333
"22","Oscars 2024: List of nominations in full",279,1395,23.25
"23","Alec Baldwin charged again in fatal Rust shooting",278,1390,23.1666666666667
"24","Trump's federal trial on election meddling postponed",275,1375,22.9166666666667
"25","'Say you're sorry': Russia's trend for humiliating videos",274,1370,22.8333333333333
"26","Hunt to uncover story of mysterious shipwreck",273,1365,22.75
"27","Iran says US strikes are a 'strategic mistake'",268,1340,22.3333333333333
"28","BBC's Glenn Campbell: My brain cancer diagnosis was a total shock",264,1320,22
"29","Zelensky sacks Ukraine's commander-in-chief",263,1315,21.9166666666667
"30","The Emmys red carpet in pictures",262,1310,21.8333333333333
"31","What we know about US strikes in Iraq and Syria",261,1305,21.75
"32","Israel officials want Gaza destruction, court told",257,1285,21.4166666666667
"33","Miss Japan steps down after tabloid exposes affair",257,1285,21.4166666666667
"34","Passenger opens plane door and walks on wing",257,1285,21.4166666666667
"35","US delivers 'private message' to Iran after Yemen strikes",257,1285,21.4166666666667
"36","Illegal New York synagogue tunnel leads to 9 arrests",256,1280,21.3333333333333
"37","What do we know about the King's cancer diagnosis?",254,1270,21.1666666666667
"38","Imran Khan and wife jailed for illegal marriage",246,1230,20.5
"39","US approves plan for strikes on Iranian targets",243,1215,20.25
"40","What does it mean for William, Harry and the other royals?",243,1215,20.25
"41","Israeli war leader challenges Netanyahu over Gaza",242,1210,20.1666666666667
"42","Schwarzenegger detained over tax for luxury watch",240,1200,20
"43","Fierce row after sacking of ABC presenter over Gaza post",236,1180,19.6666666666667
"44","Taiwan just chose a president China loathes. What now?",232,1160,19.3333333333333
"45","Warning over children using viral skincare products",230,1150,19.1666666666667
"46","Fire on ship linked to Britain after Houthi attack",228,1140,19
"47","William visits Kate in hospital after surgery",228,1140,19
"48","Young Austrian heiress reveals €25m giveaway plan",228,1140,19
"49","Melania Trump gives eulogy at mother's funeral",227,1135,18.9166666666667
"50","Japan lands on Moon but glitch threatens mission",224,1120,18.6666666666667
"51","Downed Russian plane leaves unanswered questions",223,1115,18.5833333333333
"52","Judge threatens to kick Trump out of defamation trial",223,1115,18.5833333333333
"53","Western officials in protest over Israel Gaza policy",223,1115,18.5833333333333
"54","An eccentric Danish queen abdicates - will others follow?",220,1100,18.3333333333333
"55","'We are surrounded': Guarding the Middle East's most dangerous border",219,1095,18.25
"56","How London hotel sting caught Swiss museum heist thieves",218,1090,18.1666666666667
"57","Jacinda Ardern marries partner in private ceremony",217,1085,18.0833333333333
"58","Clapham suspect convicted of sex offence in 2018",216,1080,18
"59","Cancer doctor takes gamble to treat his brain tumour",215,1075,17.9166666666667
"60","Grammys 2024: The highs, lows and why Swift won",215,1075,17.9166666666667
"61","Biden vows border 'shut down' if Congress passes deal",214,1070,17.8333333333333
"62","Germans mull ban on elected far-right party after scandal",214,1070,17.8333333333333
"63","Trump asked to pay NY Times $392,000 in legal costs",214,1070,17.8333333333333
"64","One-time giant of African air travel mounts comeback",213,1065,17.75
"65","Adele announces 'random' Munich residency",212,1060,17.6666666666667
"66","Mother convicted for failing to stop school shooting",211,1055,17.5833333333333
"67","Alabama inmate faces first nitrogen execution in US",210,1050,17.5
"68","They were Israel's 'eyes on the border' - their warnings went unheard",210,1050,17.5
"69","Israel accused of targeting civilians in deadly West Bank strike",209,1045,17.4166666666667
"70","Zuckerberg apologises to families in fiery Senate hearing",209,1045,17.4166666666667
"71","Rocky star Carl Weathers dies aged 76",207,1035,17.25
"72","Dancer with allergy eats mislabelled cookie and dies",206,1030,17.1666666666667
"73","US man says wait for untested execution like 'torture'",206,1030,17.1666666666667
"74","Brazen van heists bring terror to South Africa’s roads",205,1025,17.0833333333333
"75","'We're the country of beef, but we can only afford chicken'",204,1020,17
"76","'Will you come and get me?' Gaza girl's desperate plea before losing contact",204,1020,17
"77","Deadly blast hits market in Russia-held Ukraine city",203,1015,16.9166666666667
"78","Haley finally gets her solo showdown with Trump",203,1015,16.9166666666667
"79","British base jumper dies after parachute fails",201,1005,16.75
"80","Six-legged dog has operation to remove extra limbs",201,1005,16.75
"81","Asia's most eligible prince formally marries in Brunei",199,995,16.5833333333333
"82","Why did US wait to retaliate for drone attack on its troops?",199,995,16.5833333333333
"83","Christie exits 2024 race with parting shot at Trump",196,980,16.3333333333333
"84","Bali bomb families face accused at Guantanamo Bay",195,975,16.25
"85","Boeing in ‘last chance saloon’, warns Emirates boss",194,970,16.1666666666667
"86","Former pole vault world champion Barber dies aged 29",193,965,16.0833333333333
"87","Israel and S Africa play heavy on emotion in genocide case",193,965,16.0833333333333
"88","New atom-smasher could spark physics revolution",193,965,16.0833333333333
"89","Man guilty of killing woman in driveway wrong turn",192,960,16
"90","Musician Jelly Roll pushes for anti-fentanyl bill",192,960,16
"91","Japan bomber may have been found after 50 years",191,955,15.9166666666667
"92","One name dominant as Iowa voters kick off 2024 race",191,955,15.9166666666667
"93","What options does US have to respond to Jordan attack?",191,955,15.9166666666667
"94","Military-led West African states leave Ecowas",189,945,15.75
"95","Netanyahu publicly rejects US push for Palestinian state",189,945,15.75
"96","Gustav Klimt portrait found after almost 100 years",188,940,15.6666666666667
"97","News outlet's doctored MP photo causes sexism fury",188,940,15.6666666666667
"98","Who invented butter chicken? Creamy dish centre of court battle",188,940,15.6666666666667
"99","Shackled woman in Hungary court sparks Italy anger",187,935,15.5833333333333
"100","X blocks searches for Taylor Swift on its site",187,935,15.5833333333333
"101","Russia: Cat thrown off train into snow found dead",186,930,15.5
"102","US sanctions Israeli settlers over West Bank violence",186,930,15.5
"103","What Trump's dominant win means for White House race",186,930,15.5
"104","Margot Robbie comments on best actress Oscar snub",185,925,15.4166666666667
"105","Ukraine 'hits Russian missile boat in Black Sea'",185,925,15.4166666666667
"106","'I regret posting online that I was Madeleine McCann'",184,920,15.3333333333333
"107","UK to loan back Ghana's looted 'crown jewels'",183,915,15.25
"108","'My memory is fine' - Biden hits back at special counsel",182,910,15.1666666666667
"109","China says US 'gravely wrong' to congratulate Taiwan leader",182,910,15.1666666666667
"110","Netanyahu rejects Hamas's proposed ceasefire terms",182,910,15.1666666666667
"111","Trump takes legal risk on stand in defamation trial",182,910,15.1666666666667
"112","Controversy after Ukrainian-born model crowned Miss Japan",181,905,15.0833333333333
"113","Finnish artists want Israel barred from Eurovision",181,905,15.0833333333333
"114","Why did a propaganda network steal her face?",181,905,15.0833333333333
"115","Fashion icons assemble for Enninful's last Vogue",180,900,15
"116","Hamas responds to proposed Gaza ceasefire plan",179,895,14.9166666666667
"117","Kate in hospital as King to get prostate treatment",179,895,14.9166666666667
"118","Nearly 90 dead after fierce winter storms strike US",179,895,14.9166666666667
"119","In Ukraine's river war, drones mean nowhere is safe",178,890,14.8333333333333
"120","US son allegedly shot and beheaded dad before rant",178,890,14.8333333333333
"121","Iranian Navy seizes oil tanker near Oman",177,885,14.75
"122","100 days since unthinkable attack triggered devastating war",176,880,14.6666666666667
"123","Three wounded in Paris train station knife attack",176,880,14.6666666666667
"124","Ukraine says it shot down Russian spy plane",176,880,14.6666666666667
"125","Excitement as 639-year-long music piece changes chord",174,870,14.5
"126","How disgraced preacher TB Joshua faked his miracles",173,865,14.4166666666667
"127","US school shooter's mum blames husband at trial",173,865,14.4166666666667
"128","US and UK hint at action after largest Red Sea attack",172,860,14.3333333333333
"129","Yes or snow? Reese Witherspoon's viral brew divides opinion",171,855,14.25
"130","Disposable vapes to be banned for child health",170,850,14.1666666666667
"131","Israel reined in by ICJ ruling - but will it obey?",170,850,14.1666666666667
"132","Tough choices for Israel in US's Middle East vision",170,850,14.1666666666667
"133","Yemen strikes show war in Gaza has already spread",170,850,14.1666666666667
"134","At least half of Gaza buildings damaged or destroyed, new analysis shows",169,845,14.0833333333333
"135","Duchess of York diagnosed with skin cancer",169,845,14.0833333333333
"136","Ukraine drones hit St Petersburg gas terminal",169,845,14.0833333333333
"137","India PM opens grand temple on razed mosque site",167,835,13.9166666666667
"138","Iran's sudden strikes show just how perilous region has become",166,830,13.8333333333333
"139","Israelis tell MPs of Hamas sexual violence evidence",165,825,13.75
"140","Two Royal Navy warships collide at Bahrain port",165,825,13.75
"141","Namibia President Hage Geingob dies aged 82",164,820,13.6666666666667
"142","S African DJ Black Coffee injured during flight to gig",164,820,13.6666666666667
"143","Where Biden v Trump will be won and lost",164,820,13.6666666666667
"144","US drone kills Iran-backed militia leader in Baghdad",163,815,13.5833333333333
"145","South Africa slams Nigeria for football safety warning",162,810,13.5
"146","American lunar mission destroyed over Pacific Ocean",161,805,13.4166666666667
"147","Cockpit window crack forces ANA Boeing to turn back",161,805,13.4166666666667
"148","Georgia prosecutors in Trump case admit affair",161,805,13.4166666666667
"149","Madonna sued by fans over late concert start time",161,805,13.4166666666667
"150","Tucker Carlson interviews Russia's Putin - Kremlin",161,805,13.4166666666667
"151","US teen hailed after saving baby from electrocution",161,805,13.4166666666667
"152","Princess of Wales in hospital after abdominal surgery",160,800,13.3333333333333
"153","Taylor Swift makes history at the Grammy Awards",160,800,13.3333333333333
"154","US Moon mission on course for fiery destruction",160,800,13.3333333333333
"155","Three US troops killed in Middle East drone attack",159,795,13.25
"156","Former CIA hacker sentenced to 40 years in prison",158,790,13.1666666666667
"157","Josef Fritzl could be moved to care home - reports",158,790,13.1666666666667
"158","Dua Lipa, Billie Eilish and SZA to star at Grammy Awards",157,785,13.0833333333333
"159","'I just love you': Trump challengers fall in line",156,780,13
"160","Carroll to spend $83m on 'something Trump hates'",156,780,13
"161","Judge annuls Musk's 'unfathomable' $56bn Tesla pay",156,780,13
"162","'The unstoppable wars have destroyed our lives'",155,775,12.9166666666667
"163","Snoop Dogg’s daughter speaks of shock after stroke",155,775,12.9166666666667
"164","Top Arizona Republican quits over leaked tape offer",155,775,12.9166666666667
"165","Dior bag furore shakes South Korea's ruling party",154,770,12.8333333333333
"166","Israel says 24 soldiers killed in Gaza in one day",154,770,12.8333333333333
"167","Rule, Britannia! is uncomfortable, cellist says",154,770,12.8333333333333
"168","Bolts missing from door, says Boeing blowout probe",153,765,12.75
"169","First glimpse of Netflix's Andrew and Maitlis in film",153,765,12.75
"170","Iran: Air strike on Syria will not go 'unanswered'",153,765,12.75
"171","Michael Owen: 'I'd swap eyes with my son if I could'",153,765,12.75
"172","Trump must pay $83.3m for defaming E Jean Carroll",153,765,12.75
"173","Navy Seals presumed dead after anti-Houthi mission",152,760,12.6666666666667
"174","Nikki Haley asks for Secret Service protection",151,755,12.5833333333333
"175","Six held over plot to disrupt London Stock Exchange",150,750,12.5
"176","Streets empty as Ecuador reels from violence",150,750,12.5
"177","Ukraine MPs reject bid to crack down on draft dodgers",149,745,12.4166666666667
"178","Crisis-hit China Evergrande ordered to liquidate",148,740,12.3333333333333
"179","Three US soldiers killed in Jordan attack named",148,740,12.3333333333333
"180","Boeing seeks Ryanair support after mid-air blowout",147,735,12.25
"181","Tom Holland bonus sent to Tom Hollander in error",147,735,12.25
"182","Barbie misses key Oscar nods for Gerwig and Robbie",146,730,12.1666666666667
"183","Death in the Channel - what led a boy to make fatal journey?",146,730,12.1666666666667
"184","Doomsday Clock stays at 90 seconds to midnight",144,720,12
"185","Kenya gas blast kills three and injures nearly 300",144,720,12
"186","Swift threatens to sue student who tracks her jet",144,720,12
"187","Tucker Carlson to interview Russia's Putin",144,720,12
"188","Chinese mafia bosses behind scam centres arrested",143,715,11.9166666666667
"189","Russia risked lives in downed plane, says Zelensky",143,715,11.9166666666667
"190","Ukraine says it has uncovered major arms corruption",143,715,11.9166666666667
"191","Who are the Houthi rebels attacking Red Sea ships?",143,715,11.9166666666667
"192","They went to live with IS in Syria, now they’re coming home",142,710,11.8333333333333
"193","Where did it all go wrong for Ron DeSantis?",142,710,11.8333333333333
"194","Biden says he has decided US response to Jordan attack",141,705,11.75
"195","Elmo responds to 'world is on fire' angst",141,705,11.75
"196","French actress accuses director of historical rape",141,705,11.75
"197","Rare N Korea footage shows teens sentenced over K-drama",141,705,11.75
"198","Can Nikki Haley really stop Donald Trump?",140,700,11.6666666666667
"199","Captain Cook statue sawn off ahead of Australia Day",140,700,11.6666666666667
"200","Escape to the Country's Jonnie Irwin dies aged 50",140,700,11.6666666666667
"201","Leaker of Trump's tax returns gets maximum sentence",140,700,11.6666666666667
"202","Pakistan launches retaliatory strikes into Iran",140,700,11.6666666666667
"203","Putin takes charge as Carlson gives free rein to Kremlin",140,700,11.6666666666667
"204","US personnel injured in missile attack on Iraq base",140,700,11.6666666666667
"205","Namibia criticises German support for Israel over ICJ case",139,695,11.5833333333333
"206","Parisians vote for rise in parking fees for SUVs",139,695,11.5833333333333
"207","Woman arrested for stealing $2,500 of Stanley cups",139,695,11.5833333333333
"208","Iowa principal who saved pupils from shooting dies",138,690,11.5
"209","Russian oil getting into UK via refinery loophole",138,690,11.5
"210","US woman gets 26 years for mother's 'suitcase murder'",138,690,11.5
"211","Halle Berry's film shelved by Netflix - US media",135,675,11.25
"212","Oscar nominations to reflect Barbenheimer success",135,675,11.25
"213","Zuckerberg wins on Wall Street after Washington hit",135,675,11.25
"214","Add salt to make perfect cup of tea, US scientist says",134,670,11.1666666666667
"215","Houthi missile hits US-owned cargo ship off Yemen",134,670,11.1666666666667
"216","Moments before US boy, 11, shot by police revealed",134,670,11.1666666666667
"217","Myanmar's army is losing - and facing fire from a militant monk",134,670,11.1666666666667
"218","Oil tanker on fire after Houthi missile attack, firm says",134,670,11.1666666666667
"219","Who is Bushra Bibi, the mystical wife of Imran Khan?",134,670,11.1666666666667
"220","Will Macron's whizz-kid help fend off the far right?",134,670,11.1666666666667
"221","Fake death of India actress sparks ethics debate",133,665,11.0833333333333
"222","Auschwitz film was 'like Big Brother' in house next to camp",132,660,11
"223","Ryan Gosling disappointed by Barbie's Oscar snubs",132,660,11
"224","Shamans in Siberia among stunning travel award photos",132,660,11
"225","TikTok pulls Taylor Swift and The Weeknd's music",132,660,11
"226","Trump's failed immunity appeal is a strategic win",132,660,11
"227","Beauty giant Avon under fire over Russia links",131,655,10.9166666666667
"228","Climbing Everest? You need to bring your poo back",131,655,10.9166666666667
"229","US convicts Russian man who flew to LA without passport",131,655,10.9166666666667
"230","Baldwin pleads not guilty to involuntary manslaughter",130,650,10.8333333333333
"231","China executes couple who killed two toddlers",130,650,10.8333333333333
"232","French police sentenced for brutal search assault",130,650,10.8333333333333
"233","Record-breaking Suits was 2023's most-streamed show",130,650,10.8333333333333
"234","Russian woman jailed for 27 years for cafe killing",130,650,10.8333333333333
"235","Democrat being investigated for spending on security",129,645,10.75
"236","Namibia gets new leader hours after predecessor dies",129,645,10.75
"237","S Africa president axes adviser as PhD questioned",129,645,10.75
"238","Does Germany’s economy need more than a cup of coffee?",128,640,10.6666666666667
"239","Imran Khan given second jail sentence in two days",128,640,10.6666666666667
"240","Nuclear fusion leap brings clean power dream closer",128,640,10.6666666666667
"241","'Critical failure' grounds Blinken plane in Davos",127,635,10.5833333333333
"242","FBI investigation after ex-A&F boss sex claims",127,635,10.5833333333333
"243","Tourists dismayed as Zanzibar runs low on beer",127,635,10.5833333333333
"244","Nikki Haley suffers stinging defeat in Nevada",126,630,10.5
"245","Sydney shark attack victim thanks 'heroic' neighbours",126,630,10.5
"246","Trump and Haley to go head-to-head in New Hampshire",126,630,10.5
"247","Trump turns his legal battles into campaign spectacle",126,630,10.5
"248","Drone attack kills six Syrian fighters at US base",125,625,10.4166666666667
"249","Ex-minister of secretive sect admits child abuse",125,625,10.4166666666667
"250","Top court to consider if Trump can run for president",125,625,10.4166666666667
"251","Why is TikTok going crazy for Stanley water cups?",125,625,10.4166666666667
"252","AI to hit 40% of jobs and worsen inequality, IMF says",124,620,10.3333333333333
"253","British brothers raided Swiss museum 'to clear a debt'",124,620,10.3333333333333
"254","Hannah Waddingham 'was told face was wrong for TV'",124,620,10.3333333333333
"255","Massive winter US storm expected to hit millions",124,620,10.3333333333333
"256","'Send back our husbands' - Russian women in rare protest",123,615,10.25
"257","Iran admits carrying out deadly Pakistan strike",123,615,10.25
"258","Victorious Nigerians taunt South Africans with Tyla hit",123,615,10.25
"259","Julia Roberts: No nude scenes is my choice",122,610,10.1666666666667
"260","NZ MP resigns following shoplifting allegations",122,610,10.1666666666667
"261","Second Boeing model to be inspected after blowout",122,610,10.1666666666667
"262","UK island base not suitable for migrants, UN says",122,610,10.1666666666667
"263","BBC confronts man who abused boy in secretive Christian church",121,605,10.0833333333333
"264","Death of US troops ratchets up pressure on Biden",121,605,10.0833333333333
"265","SA gospel singer accused of ordering lover's murder",121,605,10.0833333333333
"266","UK considering recognising Palestine state - Cameron",121,605,10.0833333333333
"267","Japan Moon lander wakes up and resumes mission",120,600,10
"268","Netflix password crackdown fuels sign-up surge",120,600,10
"269","Pakistan says children killed in Iranian strike",120,600,10
"270","Israel calls genocide claim a distortion of truth",119,595,9.91666666666667
"271","Taiwan elects pro-sovereignty leader, angering Beijing",119,595,9.91666666666667
"272","Russia designates popular author ‘a foreign agent’",118,590,9.83333333333333
"273","Temple rises from ruins of one of India’s darkest days",118,590,9.83333333333333
"274","Why the e-bike boom is raising fire fears",118,590,9.83333333333333
"275","Prince Harry drops libel claim against Mail publisher",117,585,9.75
"276","Ron DeSantis quits presidential race and backs Trump",117,585,9.75
"277","South Korea’s complicated relationship with dog meat",117,585,9.75
"278","Fans call for Eriksson to achieve Liverpool 'dream'",116,580,9.66666666666667
"279","Footballer Dani Alves's rape trial begins in Spain",116,580,9.66666666666667
"280","Qatar 'appalled' by Netanyahu's reported criticism",116,580,9.66666666666667
"281","Succession, Beef and The Bear sweep Emmy Awards",116,580,9.66666666666667
"282","The 'burning prisons' fuelled by fast fashion",116,580,9.66666666666667
"283","WWE boss accused of sex trafficking",116,580,9.66666666666667
"284","Denmark's cool, Scandi proclamation felt familiar",115,575,9.58333333333333
"285","Imran Khan jailed in secrets case as election looms",115,575,9.58333333333333
"286","Shooting stuns worshippers at Istanbul Catholic mass",115,575,9.58333333333333
"287","Netflix removes film after backlash from Hindu groups",114,570,9.5
"288","Trapped orcas escape from drift ice near Japan",114,570,9.5
"289","Trial to cover Elizabeth line 'ghost' marks",114,570,9.5
"290","UK halts aid to UN agency after Hamas attack claim",114,570,9.5
"291","US upholds ban on sale of latest Apple watches",114,570,9.5
"292","Biden says US strikes have not stopped Houthi attacks",113,565,9.41666666666667
"293","Boy with IQ of 162 says football comes first",113,565,9.41666666666667
"294","EU leaders unlock €50bn support package for Ukraine",113,565,9.41666666666667
"295","Exciting new cancer drug kinder than chemotherapy",113,565,9.41666666666667
"296","Five takeaways from the Haley-DeSantis debate",113,565,9.41666666666667
"297","Prince Harry to visit King Charles in coming days",113,565,9.41666666666667
"298","Putin challenger barred from Russia's election",113,565,9.41666666666667
"299","US and UK launch fresh strikes on Houthis",113,565,9.41666666666667
"300","Woman killed by dogs while visiting grandson",113,565,9.41666666666667
"301","King leaves hospital as Kate recovers at home",112,560,9.33333333333333
"302","UK forces not ready for intensive war, MPs warn",112,560,9.33333333333333
"303","Ecuador president defies gangs to take on the army",111,555,9.25
"304","Eight US deaths in Colombia linked to dating apps",111,555,9.25
"305","Israeli father fears hostage daughter was sexually abused",111,555,9.25
"306","UN agency condemns aid halt after Hamas attack claim",111,555,9.25
"307","US approves F-16 fighter jet sale to Turkey",111,555,9.25
"308","US voters react to Trump's commanding win in Iowa",111,555,9.25
"309","Democrat leaves hospital to cast vital impeachment vote",110,550,9.16666666666667
"310","Haley calls Trump insecure for false 'birther' claims",110,550,9.16666666666667
"311","Judge blocks Musk's 'unfathomable' $56bn Tesla pay",110,550,9.16666666666667
"312","China gives detained Australian suspended death sentence",109,545,9.08333333333333
"313","Police arrest five after bodies found in US desert",109,545,9.08333333333333
"314","Steele dossier firm welcomes court win over Trump",109,545,9.08333333333333
"315","The Japanese firm at the heart of the Horizon scandal",109,545,9.08333333333333
"316","Why did Iran launch strikes on its allies' territory?",109,545,9.08333333333333
"317","Armenians fight controversial Jerusalem land deal",108,540,9
"318","Italian culture minister probed over stolen painting",108,540,9
"319","Magnussen to make doping 'world record' attempt",108,540,9
"320","Musk says Neuralink implanted wireless brain chip",108,540,9
"321","Netanyahu defies Biden over Palestinian state",108,540,9
"322","Saudi Arabia to get first alcohol shop in 70 years",108,540,9
"323","US condemns Iran for 'reckless' strikes on Iraq",108,540,9
"324","Adidas says it plans to sell remaining Yeezy stock",107,535,8.91666666666667
"325","Brosnan pleads not guilty to Yellowstone trespassing",107,535,8.91666666666667
"326","Democrats attack Biden over strikes on Houthi rebels",107,535,8.91666666666667
"327","Key Israeli war leader challenges Netanyahu over Gaza strategy",107,535,8.91666666666667
"328","Trump 'unleashed' followers on Carroll, says lawyer",107,535,8.91666666666667
"329","Pope says sexual pleasure is 'a gift from God'",106,530,8.83333333333333
"330","Senior Tory's call for Sunak to go sparks backlash",106,530,8.83333333333333
"331","Winter storm hits US with heavy snow and icy winds",106,530,8.83333333333333
"332","Benzema files defamation suit against French minister",105,525,8.75
"333","Canadian 'poison killer' to head straight to trial",105,525,8.75
"334","Missing China billionaire banker quits all roles",105,525,8.75
"335","Philippine leader defends taking helicopter to gig",105,525,8.75
"336","Russian jet crashes carrying Ukrainian PoWs - Moscow",105,525,8.75
"337","Billionaire Lewis pleads guilty to insider trading",104,520,8.66666666666667
"338","Hamas video claims to show dead Israeli hostages",104,520,8.66666666666667
"339","I was sterilised last year - why am I pregnant again?",104,520,8.66666666666667
"340","Narco-sub with $27m of 'scorpion' cocaine seized",104,520,8.66666666666667
"341","Nigerian monarch shot dead and wife kidnapped",104,520,8.66666666666667
"342","UN's top court to rule on Israel in Gaza war",104,520,8.66666666666667
"343","'If not Putin, then who?' - How Russians view looming elections",103,515,8.58333333333333
"344","Heist brothers 'should be banned from Switzerland'",103,515,8.58333333333333
"345","Net closes in on vigilante destroyer of Italy's speed cameras",103,515,8.58333333333333
"346","Russian oil depot hit in Ukrainian drone attack",103,515,8.58333333333333
"347","Trump does not have presidential immunity, court rules",103,515,8.58333333333333
"348","Brianna killers given life terms for brutal murder",102,510,8.5
"349","Man held for murder over South Africa building fire",102,510,8.5
"350","Mars crash ends Nasa helicopter Ingenuity's mission",102,510,8.5
"351","US strikes Iran-backed militia in Iraq",102,510,8.5
"352","Alabama carries out first nitrogen gas execution",101,505,8.41666666666667
"353","Brits living abroad for more than 15 years get vote",101,505,8.41666666666667
"354","Jodie Comer: I was terrified acting with 15 babies",101,505,8.41666666666667
"355","Judge throws out Disney's lawsuit against DeSantis",101,505,8.41666666666667
"356","Russian poet and Putin critic Lev Rubinstein dies after car crash",101,505,8.41666666666667
"357","Trump, Haley and DeSantis make final pitches in frozen Iowa",101,505,8.41666666666667
"358","What are routes out of this 'dangerous moment' in Middle East?",101,505,8.41666666666667
"359","Days of Our Lives star Bill Hayes dies",100,500,8.33333333333333
"360","Five Republican storylines to watch for in Iowa",100,500,8.33333333333333
"361","Mining giants told to pay $9.7bn over dam disaster",100,500,8.33333333333333
"362","Scientists crack mystery of how MS gene spread",100,500,8.33333333333333
"363","'Russia's Google' owner pulls out of home country",99,495,8.25
"364","Israel W Bank hospital raid kills three Palestinian fighters",99,495,8.25
"365","Nicole Kidman Hong Kong drama not shown in city",99,495,8.25
"366","S Africa's ANC suspends Zuma after new party launch",99,495,8.25
"367","Could the Houthis sabotage undersea cables?",98,490,8.16666666666667
"368","Iran extends Nobel Prize winner's prison sentence",98,490,8.16666666666667
"369","Large crowds protest in Russia as activist jailed",97,485,8.08333333333333
"370","Tesla owners told not to drive with Apple headsets",97,485,8.08333333333333
"371","China warns against 'exotic beauty' spy traps",96,480,8
"372","Country music legend Toby Keith dies aged 62",96,480,8
"373","Rugby star Kurtley Beale not guilty of sexual assault",96,480,8
"374","Spain's prime minister defends Eurovision entry",96,480,8
"375","Trump cannot speak at civil fraud trial - judge",96,480,8
"376","Biden wins South Carolina Democratic primary",95,475,7.91666666666667
"377","Israel and Hamas reach agreement on Gaza aid",95,475,7.91666666666667
"378","King seen for first time since cancer announcement",95,475,7.91666666666667
"379","Spanish farmers join wave of protests",95,475,7.91666666666667
"380","Spectacular arches and caves as iceberg decays",95,475,7.91666666666667
"381","The cancer doctor trying to stop his brain tumour killing him",95,475,7.91666666666667
"382","Houses set on fire as lava spills into Iceland town",94,470,7.83333333333333
"383","Police failed to respond to 999 call from deaths house",94,470,7.83333333333333
"384","Putin's would-be opponent vows to end Ukraine war",94,470,7.83333333333333
"385","Times Square attack on police stirs immigration row",94,470,7.83333333333333
"386","TV and film actor Adan Canto dies of cancer at 42",94,470,7.83333333333333
"387","Australia axes 'golden visa' scheme for mega rich",93,465,7.75
"388","Donald Trump scores huge win in Nevada caucus",93,465,7.75
"389","Elon Musk funds Gina Carano lawsuit against Disney",93,465,7.75
"390","Ghana court sentences six coup plotters to death",93,465,7.75
"391","Hostages freed after nine hours at US plant in Turkey",93,465,7.75
"392","Polish police arrest MPs in presidential palace",93,465,7.75
"393","Post Office threatened BBC over whistleblower",93,465,7.75
"394","Putin challenger submits bid to run for president",93,465,7.75
"395","Rio declares health emergency days before Carnival",93,465,7.75
"396","Spotify attacks Apple's 'outrageous' 27% commission",93,465,7.75
"397","King Charles 'doing well' after prostate treatment",92,460,7.66666666666667
"398","The new-style nightclub that's only open in the day",92,460,7.66666666666667
"399","Thunberg cleared after unlawful protest arrest",92,460,7.66666666666667
"400","UN condemns Alabama nitrogen gas execution",92,460,7.66666666666667
"401","Weight-loss surgeon told patient 'eat, eat, eat'",92,460,7.66666666666667
"402","Disgraced singer Gary Glitter refused jail release",91,455,7.58333333333333
"403","How Ecuador descended into gang violence",91,455,7.58333333333333
"404","Russian 'ultra-patriot' jailed after insulting Putin",91,455,7.58333333333333
"405","US blames Iran-backed group for deadly drone strike",91,455,7.58333333333333
"406","Ethiopians leap into pool during holy festival",90,450,7.5
"407","Israel footballer faces Turkey sack for hostage plea",90,450,7.5
"408","William says public sympathy 'means a great deal'",90,450,7.5
"409","Dua Lipa, Billie Eilish and SZA set to star at Grammy Awards",89,445,7.41666666666667
"410","Man sentenced to death for Japan anime studio fire",89,445,7.41666666666667
"411","'People will keep dying': Fentanyl crisis grips Mexico's border cities",88,440,7.33333333333333
"412","Boney M founder Frank Farian dies aged 82",88,440,7.33333333333333
"413","Iran security officials killed 'in Israeli strike'",88,440,7.33333333333333
"414","Key UN Gaza aid agency runs into diplomatic storm",88,440,7.33333333333333
"415","Putin says deal can be reached to free US reporter",88,440,7.33333333333333
"416","US and UK repel largest Houthi attack in Red Sea",88,440,7.33333333333333
"417","Canada sets two-year cap on foreign students",87,435,7.25
"418","Hard choices for the West in Red Sea stand-off",87,435,7.25
"419","How Swiss museum heist was foiled by sting at London hotel",87,435,7.25
"420","Run-DMC DJ shot by godson for revenge, court told",86,430,7.16666666666667
"421","Shock as Hunter Biden attends House contempt hearing",86,430,7.16666666666667
"422","Trump legal brief warns of chaos if ballot ban upheld",86,430,7.16666666666667
"423","UN in aid plea after staff accused of Israel attack",86,430,7.16666666666667
"424","Woman arrested after pet lion taken on car ride",86,430,7.16666666666667
"425","N Korea tests 'underwater nuclear weapons system'",85,425,7.08333333333333
"426","Senegal on the brink after elections postponed",85,425,7.08333333333333
"427","Axe-wielding hostage-taker shot dead on Swiss train",84,420,7
"428","Five kidnapped Nigerian sisters released",84,420,7
"429","Iran-backed group suspends attacks against US",84,420,7
"430","Woman killed, 17 hurt in Israel car-ramming attack",84,420,7
"431","Hamas says it is studying new Gaza truce proposal",83,415,6.91666666666667
"432","Hamas sets out three-stage plan for ceasefire deal",83,415,6.91666666666667
"433","Hermit crabs are 'wearing' our plastic rubbish",83,415,6.91666666666667
"434","India PM to open grand temple on razed mosque site",83,415,6.91666666666667
"435","King's portrait for public buildings unveiled",83,415,6.91666666666667
"436","US and UK strikes fail to slow Houthi attacks",83,415,6.91666666666667
"437","Israel in heavy south Gaza strikes as hostages sent medicine",82,410,6.83333333333333
"438","Netanyahu defies pressure over Palestinian state",82,410,6.83333333333333
"439","Prince William can show his own version of royalty",82,410,6.83333333333333
"440","Adult dies in Ireland after contracting measles",81,405,6.75
"441","Gaza's largest aid agency 'desperate' after funds paused",81,405,6.75
"442","Israel chooses Eurovision act amid boycott calls",81,405,6.75
"443","'World's oldest dog' title thrown into doubt",80,400,6.66666666666667
"444","Clapham suspect arranged to meet victim before attack",80,400,6.66666666666667
"445","E Jean Carroll says Trump shattered her reputation",80,400,6.66666666666667
"446","The Taiwan that China wants is vanishing",80,400,6.66666666666667
"447","Argentina expels family of Ecuador gang leader",79,395,6.58333333333333
"448","Bashir blamed Diana scandal on colleagues' jealousy",79,395,6.58333333333333
"449","Musk announces wireless brain chip implant",79,395,6.58333333333333
"450","Top US court refuses to block nitrogen gas execution",79,395,6.58333333333333
"451","Covid jab skipped by 44%, entire UK study finds",78,390,6.5
"452","Haley vows to fight on after second loss to Trump",78,390,6.5
"453","Shocked by far-right revelations, Germans consider ban",78,390,6.5
"454","US warns Israel sending troops into Rafah risks 'disaster'",78,390,6.5
"455","Fans boo as Messi fails to play in Hong Kong friendly",77,385,6.41666666666667
"456","Harvard sued over 'rampant anti-Jewish hatred'",77,385,6.41666666666667
"457","Illinois mass shooting suspect dies in Texas - police",77,385,6.41666666666667
"458","Nauru cuts ties with Taiwan in favour of China",77,385,6.41666666666667
"459","Oppenheimer eclipses Barbie in Bafta nominations",77,385,6.41666666666667
"460","Record seizures at Europe's 'cocaine capital' port",77,385,6.41666666666667
"461","What is Tower 22 and why are US troops in Jordan?",77,385,6.41666666666667
"462","Emma Stone: Sex scenes in Poor Things are 'honest'",76,380,6.33333333333333
"463","Four NHL players charged over 2018 sexual assault",76,380,6.33333333333333
"464","UK High Court throws out Trump ex-spy dossier case",76,380,6.33333333333333
"465","Colombia's 'Cocaine Godmother' gets Hollywood makeover",75,375,6.25
"466","Hezbollah missile attack kills Israeli woman and son",75,375,6.25
"467","Nikki Haley fights on, but this is Trump's party now",75,375,6.25
"468","World tops 1.5C warming threshold for full year",75,375,6.25
"469","Japan hopes sunlight can save stricken Moon lander",74,370,6.16666666666667
"470","UN's top court says Israel must prevent genocide",74,370,6.16666666666667
"471","'We caught nan's abusers on a hidden camera'",73,365,6.08333333333333
"472","Briton in Madrid court over Snapchat plane-bomb hoax",73,365,6.08333333333333
"473","Gaza destruction risks a lost generation - UN",73,365,6.08333333333333
"474","I almost died up a mountain scattering dad's ashes",73,365,6.08333333333333
"475","Spears seems to apologise to Timberlake over book",73,365,6.08333333333333
"476","US baby's decapitation in delivery ruled a homicide",73,365,6.08333333333333
"477","Papua New Guinea hit by deadly riots and looting",72,360,6
"478","Russian anti-war band arrested in Thailand",72,360,6
"479","Trump counts on evangelicals to carry him to Iowa victory",72,360,6
"480","UK demands clarity over whereabouts of activist",72,360,6
"481","Video released of search for Clapham attack suspect",72,360,6
"482","Can Nikki Haley really stop Donald Trump in 2024?",71,355,5.91666666666667
"483","Dozens reported killed as Khan Younis battle rages",71,355,5.91666666666667
"484","Mother of killed Israeli calls Hamas videos 'psychological warfare'",71,355,5.91666666666667
"485","They were Israel's eyes on the border - but their Hamas warnings went unheard",71,355,5.91666666666667
"486","Alabama carries out first US nitrogen gas execution",70,350,5.83333333333333
"487","Andrew Scott film an 'unforgettable' look at trauma",70,350,5.83333333333333
"488","Attacks fly as Trump grows lead in New Hampshire",70,350,5.83333333333333
"489","Has great white shark newborn been caught on film?",70,350,5.83333333333333
"490","McCann suspect to stay silent in German rape trial",70,350,5.83333333333333
"491","Snoop Dogg sues Walmart over cereal sabotage claim",70,350,5.83333333333333
"492","Five US Marines missing after helicopter goes down",69,345,5.75
"493","German far-right met to plan 'mass deportations'",69,345,5.75
"494","Judge proposes Rubiales trial for World Cup kiss",69,345,5.75
"495","Turkish MPs back Sweden's Nato membership",69,345,5.75
"496","UN agency probes claim staff took part in Hamas attack",69,345,5.75
"497","Universal Music to pull songs from TikTok",69,345,5.75
"498","Parents of Grand Canyon crash victim to get £79m",68,340,5.66666666666667
"499","Shangri-Las lead singer Mary Weiss dies aged 75",68,340,5.66666666666667
"500","Trump blasts judge as New York fraud trial nears end",68,340,5.66666666666667
"501","Audio of US defence secretary's 911 call released",67,335,5.58333333333333
"502","Microsoft says AI is getting deployed 'at scale'",67,335,5.58333333333333
"503","Swedish police destroy object outside Israeli embassy",67,335,5.58333333333333
"504","What does Putin gain from Tucker Carlson interview?",67,335,5.58333333333333
"505","'I can't see': Witnesses recount 'horrific' scene in south London",66,330,5.5
"506","Aaron Rodgers will no longer appear on ESPN show",66,330,5.5
"507","DPD error caused chatbot to swear at customer",66,330,5.5
"508","Five things in the Biden classified documents report",66,330,5.5
"509","Foreign residents sue Japan over racial profiling",66,330,5.5
"510","Political grenade puts spotlight on Biden’s age",66,330,5.5
"511","Trailblazing Radio 1 DJ Annie Nightingale dies",66,330,5.5
"512","King doing 'extremely well' after diagnosis - Queen",65,325,5.41666666666667
"513","Maignan and Milan walk off after alleged racist abuse",65,325,5.41666666666667
"514","Stuffed polar bear stolen in bizarre heist",65,325,5.41666666666667
"515","US inmate hours away from first nitrogen execution",65,325,5.41666666666667
"516","First Russia-Ukraine prisoner swap since plane crash",64,320,5.33333333333333
"517","Greek mafia boss killed in hail of bullets",64,320,5.33333333333333
"518","Greek ship hit by Houthi missile in Red Sea",64,320,5.33333333333333
"519","World's largest cruise ship to set sail from Miami",64,320,5.33333333333333
"520","Albanian court greenlights migration deal with Italy",63,315,5.25
"521","North Korea fires cruise missiles off east coast",63,315,5.25
"522","Police officers mock footage of victim’s seizure",63,315,5.25
"523","Russian sanctioned for Australia's worst data hack",63,315,5.25
"524","Chaos and 'lack of urgency' led to Uvalde failures",62,310,5.16666666666667
"525","General's sacking won't instantly solve Ukraine's battle woes",62,310,5.16666666666667
"526","Houthis claim hit on US container ship in Red Sea",62,310,5.16666666666667
"527","Jennifer Lopez takes Bob the Builder to big screen",62,310,5.16666666666667
"528","King Charles to be treated for benign prostate condition",62,310,5.16666666666667
"529","Nollywood star sentenced for stepping on naira notes",62,310,5.16666666666667
"530","Oppenheimer leads SAG nominations but Leo snubbed",62,310,5.16666666666667
"531","War in Yemen: UAE funded political assassinations",62,310,5.16666666666667
"532","William to return to work after Kate's surgery",62,310,5.16666666666667
"533","Fast fashion helps fuel blazing kilns where workers faint from heat",61,305,5.08333333333333
"534","French volunteers killed in Russian strike - Macron",61,305,5.08333333333333
"535","Israel strikes southern Gaza city swollen with displaced people",61,305,5.08333333333333
"536","Brunei's 'hot prince' formally marries in ceremony",60,300,5
"537","France to tighten migrant law despite court ruling",60,300,5
"538","Macron shifts to right on schools and birth rate",60,300,5
"539","'Catastrophic' flood risk for drenched California",59,295,4.91666666666667
"540","Rapper Killer Mike detained at Grammys ceremony",59,295,4.91666666666667
"541","Toyota recalls cars over 'injury or death' fears",59,295,4.91666666666667
"542","US says it will not back unplanned Rafah offensive",59,295,4.91666666666667
"543","'God gave us Trump' - evangelicals key in Iowa vote",58,290,4.83333333333333
"544","First West African nation hits malaria-free status",58,290,4.83333333333333
"545","Houthis hit US-owned ship after 'terror' designation",58,290,4.83333333333333
"546","Mum and girls hurt in 'corrosive substance' attack",58,290,4.83333333333333
"547","Pentagon chief apologises for secretive hospital stay",58,290,4.83333333333333
"548","Spain's congress rejects Catalan separatists bill",58,290,4.83333333333333
"549","Germans float ban on elected far-right party after scandal",57,285,4.75
"550","US launches fourth round of strikes on Houthi targets",57,285,4.75
"551","Dog-lovers race to save strays from Russian cull",56,280,4.66666666666667
"552","Ecuador declares war on gangs after TV attack",56,280,4.66666666666667
"553","FKA twigs responds to Calvin Klein advert ban",56,280,4.66666666666667
"554","Iraqi militant group suspends attacks against US",56,280,4.66666666666667
"555","Martin Luther King Jr's son Dexter dies of cancer",56,280,4.66666666666667
"556","Russian missiles wreck Kharkiv hotel, Ukraine says",56,280,4.66666666666667
"557","Top Palestinian envoy says UK guilty of hypocrisy",56,280,4.66666666666667
"558","Why the world is watching US election so closely",56,280,4.66666666666667
"559","US launches more strikes against Houthis in Yemen",55,275,4.58333333333333
"560","Why did the US wait to retaliate for the drone strike?",55,275,4.58333333333333
"561","'Ratatouille restaurant' loses £1.3m-worth of wine",54,270,4.5
"562","Biden wins in New Hampshire despite ballot no-show",54,270,4.5
"563","California braces for 'life-threatening' rain storm",54,270,4.5
"564","Ecuador prosecutor probing TV studio attack killed",54,270,4.5
"565","Fears for farm animals stuck on ship off Australia",54,270,4.5
"566","Is a waning Canadian dream fuelling reverse migration?",54,270,4.5
"567","Pakistan condemns deadly Iranian missile strike",54,270,4.5
"568","Uniqlo sues Shein over claims firm copied viral bag",54,270,4.5
"569","US defence secretary remains in hospital - Pentagon",54,270,4.5
"570","Alarming 45-fold rise in measles in Europe - WHO",53,265,4.41666666666667
"571","Ex-flight attendant to be Japan Airlines president",53,265,4.41666666666667
"572","Thousands turn out to welcome new Danish King",53,265,4.41666666666667
"573","World's first IVF rhino pregnancy 'could save species'",53,265,4.41666666666667
"574","Danish king publishes book three days into reign",52,260,4.33333333333333
"575","Explosion at St Petersburg gas terminal - officials",52,260,4.33333333333333
"576","Moana to get surprise cinema sequel this year",52,260,4.33333333333333
"577","Alarming 30-fold rise in measles in Europe - WHO",51,255,4.25
"578","Britain must train citizen army, military chief warns",51,255,4.25
"579","Gosling 'disappointed' at Gerwig and Robbie Oscar snubs",51,255,4.25
"580","Klopp to leave as Liverpool boss at end of season",51,255,4.25
"581","Lauren Boebert's ex-husband arrested in Colorado",51,255,4.25
"582","The One Where They Find Friends Scripts in a Bin",51,255,4.25
"583","UPS to cut 12,000 jobs after 'disappointing' year",51,255,4.25
"584","Why is Alabama executing a man using nitrogen gas?",51,255,4.25
"585","Woman injured in Sydney Harbour shark attack",51,255,4.25
"586","Bowels, bladders, sex: Rediscovering life after injury",50,250,4.16666666666667
"587","Cher's conservatorship request for son denied",50,250,4.16666666666667
"588","El Salvador woman freed after abortion conviction",50,250,4.16666666666667
"589","LA Innocence Project takes on famous US murder case",50,250,4.16666666666667
"590","New York synagogue unstable after damage from tunnel",50,250,4.16666666666667
"591","Trump faces E Jean Carroll in $10m defamation case",50,250,4.16666666666667
"592","Fifth and final batch of Epstein documents released",49,245,4.08333333333333
"593","US defence secretary kept cancer diagnosis secret",49,245,4.08333333333333
"594","Zimbabwe opposition leader quits 'contaminated' party",49,245,4.08333333333333
"595","Can India's 'alternative Maldives' handle mass tourism?",48,240,4
"596","Chinese ship's port call fans India tensions",48,240,4
"597","Kenyan cult leader charged with 191 murders",48,240,4
"598","King Charles in hospital for prostate treatment",48,240,4
"599","Mercedes' Hamilton on verge of shock Ferrari move",48,240,4
"600","Iran's antisemitic speeches to UK students probed",47,235,3.91666666666667
"601","Maldives ultimatum on troops deepens row with India",47,235,3.91666666666667
"602","Manhunt for Clapham attack suspect continues",47,235,3.91666666666667
"603","The election risks for Biden after deadly drone strike",47,235,3.91666666666667
"604","UN top court can rule on Ukraine case against Russia",47,235,3.91666666666667
"605","Ex-Abercrombie CEO denies sex trafficking allegations",46,230,3.83333333333333
"606","Footballer Dani Alves denies nightclub rape",46,230,3.83333333333333
"607","Records broken but Barbie snubbed - 6 Oscars talking points",46,230,3.83333333333333
"608","What we know: Strikes on Houthis and strategy behind them",46,230,3.83333333333333
"609","Bafta Film Awards 2024: The nominees in full",45,225,3.75
"610","China fury as Messi skips HK match, plays in Japan",45,225,3.75
"611","Duchess of York 'shock' at skin cancer diagnosis",45,225,3.75
"612","Liberia moves from youngest elected leader to oldest",45,225,3.75
"613","Sheryl Sandberg to step down from Meta board",45,225,3.75
"614","Antarctica mysteries to be mapped by robot plane",44,220,3.66666666666667
"615","How TB Joshua’s whistle-blowing daughter took on 'Daddy'",44,220,3.66666666666667
"616","In-N-Out Burger closes California store over crime",44,220,3.66666666666667
"617","Jon Stewart makes part-time return to Daily Show",44,220,3.66666666666667
"618","US school shooter's mum weeps as she goes on trial",44,220,3.66666666666667
"619","Who is Bushra Bibi, the faith healer wife of Imran Khan?",44,220,3.66666666666667
"620","YouTube terminates TB Joshua’s official channel",44,220,3.66666666666667
"621","Bowen: Strikes could undermine US aim to contain war",43,215,3.58333333333333
"622","Female farmer killed as car hits French protesters",43,215,3.58333333333333
"623","Greta Thunberg warned before arrest, court told",43,215,3.58333333333333
"624","Man jailed for 50 years for defaming Thai monarchy",43,215,3.58333333333333
"625","Pakistan cuts mobile internet as country votes",43,215,3.58333333333333
"626","A political hand grenade disguised as a report",42,210,3.5
"627","Deadly blasts in Pakistan day before election",42,210,3.5
"628","German woman goes on trial for lookalike murder",42,210,3.5
"629","Injured, hungry and alone - the Gazan children orphaned by war",42,210,3.5
"630","Spectacular arches, caves as monster iceberg decays",42,210,3.5
"631","Stricken Japanese Moon mission landed on its nose",42,210,3.5
"632","Those dying of hunger are idiots - Uganda minister",42,210,3.5
"633","UK had no choice but to strike Houthis - Cameron",42,210,3.5
"634","US official says Boeing jets won't fly until safe",42,210,3.5
"635","Dad's Army star Ian Lavender dies aged 77",41,205,3.41666666666667
"636","Disney boss bets on Fortnite and Taylor Swift",41,205,3.41666666666667
"637","Fact-checking Putin's 'nonsense' history",41,205,3.41666666666667
"638","Tragic finale as film great Delon's family torn apart",41,205,3.41666666666667
"639","UN court hears genocide case against Israel",41,205,3.41666666666667
"640","US Congress votes to avoid looming shutdown",41,205,3.41666666666667
"641","25,000 now killed in Gaza, says Hamas-run ministry",40,200,3.33333333333333
"642","Arrests made after six bodies found in desert",40,200,3.33333333333333
"643","Cyclone brings heavy rain to Mauritius and Réunion",40,200,3.33333333333333
"644","Mafia boss who fled jail using bed sheets captured",40,200,3.33333333333333
"645","Can Musk's Neuralink brain chip really change the world?",39,195,3.25
"646","Grammy Awards: The main winners as they happen",39,195,3.25
"647","Hobbit first edition found at boot sale for £1.50",39,195,3.25
"648","Orban and EU leaders to face off over Ukraine aid",39,195,3.25
"649","Sports Illustrated in further turmoil after AI scandal",39,195,3.25
"650","BBC confronts man who abused boy in secretive Christian Church",38,190,3.16666666666667
"651","Dozens dead in strike on Russia-held Ukraine city",38,190,3.16666666666667
"652","How a grieving mother exposed the truth of Turkey’s deadly earthquake",38,190,3.16666666666667
"653","Uber Eats ad criticised for peanut allergy joke",38,190,3.16666666666667
"654","Elon Musk visits site of Auschwitz death camp",37,185,3.08333333333333
"655","Hostages taken at US plant in Turkey - reports",37,185,3.08333333333333
"656","Mercedes' Hamilton will make shock Ferrari move",37,185,3.08333333333333
"657","Snowstorms disrupt Lunar New Year travel in China",37,185,3.08333333333333
"658","US warns Israel over sending troops into Rafah",37,185,3.08333333333333
"659","World breaches 1.5C warming threshold for full year",37,185,3.08333333333333
"660","Biden secures major endorsement in re-election bid",36,180,3
"661","Cyclone brings heavy rain to Reunion and Mauritius",36,180,3
"662","Ecuador gang members held after hospital stormed",36,180,3
"663","Germany’s far right seek revolution in farmers' protests",36,180,3
"664","Iraq condemns 'irresponsible' US air strikes",36,180,3
"665","Manhunt as seven found shot dead in Illinois city",36,180,3
"666","Russia deliberately risked lives in downed plane - Kyiv",36,180,3
"667","Trump walks out of court trial during closing arguments",36,180,3
"668","A TikTok grandpa with a bloody past is trying to win an election",35,175,2.91666666666667
"669","Biden will not be charged over top secret documents",35,175,2.91666666666667
"670","Former president of Chile dies in helicopter crash",35,175,2.91666666666667
"671","Harry and Meghan at Marley film Jamaican premiere",35,175,2.91666666666667
"672","Maine town manager drowns after saving son",35,175,2.91666666666667
"673","Suspected Gilgo Beach killer receives fourth charge",35,175,2.91666666666667
"674","Greta Thunberg: We must remember who real enemy is",34,170,2.83333333333333
"675","Iran-aligned group suspends attacks against US",34,170,2.83333333333333
"676","Key takeaways from Trump's win in Iowa",34,170,2.83333333333333
"677","Ron DeSantis drops out of presidential race",34,170,2.83333333333333
"678","Spears appears to apologise to Timberlake over book",34,170,2.83333333333333
"679","The schools moving underground to keep children safe",34,170,2.83333333333333
"680","Another Trump victory shows race is all but over",33,165,2.75
"681","Apple overtakes Samsung as biggest phonemaker",33,165,2.75
"682","Boeing admits mistake over plane door blow-out",33,165,2.75
"683","Elton John and Tony Blair at Derek Draper's funeral",33,165,2.75
"684","Friends scripts rescued from a bin up for auction",33,165,2.75
"685","German far-right seeks to piggyback on farmer protests",33,165,2.75
"686","Houses on fire as lava spills into Iceland town",33,165,2.75
"687","Newborn girl found in bag less than hour old",33,165,2.75
"688","North Korea's Kim brands South his 'primary foe'",33,165,2.75
"689","Oil tanker on fire after Houthi missile attack",33,165,2.75
"690","Rolling Tuscan fields among stunning travel award photos",33,165,2.75
"691","Spain police bust gang of alleged ex-military robbers",33,165,2.75
"692","Who is Trump's trial lawyer Alina Habba?",33,165,2.75
"693","Apple to allow rival app stores on iPhones in EU",32,160,2.66666666666667
"694","German chancellor finds doppelganger in US senator",32,160,2.66666666666667
"695","Kate leaves hospital after abdominal surgery",32,160,2.66666666666667
"696","Kylie, Billie, Joni and Beatles win early Grammys",32,160,2.66666666666667
"697","No charges for US police in 'wrong door' shooting",32,160,2.66666666666667
"698","SDLP suspend MLA who left Stormont for GAA game",32,160,2.66666666666667
"699","UK warned of coldest January night in 14 years",32,160,2.66666666666667
"700","Greek ship hit by missile in Red Sea - reports",31,155,2.58333333333333
"701","Hunter Biden pleads not guilty to nine tax charges",31,155,2.58333333333333
"702","Iran says strikes targeted militant group in Pakistan",31,155,2.58333333333333
"703","Israeli footballer flies home amid hostage plea row",31,155,2.58333333333333
"704","Missing US Marine helicopter carrying five found",31,155,2.58333333333333
"705","Police response to Uvalde was a failure, DOJ says",31,155,2.58333333333333
"706","Scholz warns against rise of far-right extremism",31,155,2.58333333333333
"707","US court sceptical of move to bar Trump from ballot",31,155,2.58333333333333
"708","US Marines helicopter missing with five on board",31,155,2.58333333333333
"709","Broadway star Chita Rivera dies at 91",30,150,2.5
"710","Civilians dead in Russia strikes on Kyiv and Kharkiv",30,150,2.5
"711","Emmys 2024: The red carpet in pictures",30,150,2.5
"712","In pictures: US and Canada blanketed by frigid air",30,150,2.5
"713","Japan's Princess Aiko gets job with Red Cross",30,150,2.5
"714","US recall says Tesla brake warnings were too small",30,150,2.5
"715","Auction of Mandela items sparks South Africa row",29,145,2.41666666666667
"716","India boat capsize victims 'not given life jackets'",29,145,2.41666666666667
"717","Nine injured in Clapham 'corrosive substance' attack",29,145,2.41666666666667
"718","Russian state media revels in Tucker Carlson visit",29,145,2.41666666666667
"719","Senate advances aid package for Ukraine and Israel",29,145,2.41666666666667
"720","Unseen images of computer that helped win WW2",29,145,2.41666666666667
"721","US man says wait for nitrogen execution like 'torture'",29,145,2.41666666666667
"722","Your pictures on the theme of 'in the cold'",29,145,2.41666666666667
"723","Austin aide made 'subtle' ambulance plea in new audio",28,140,2.33333333333333
"724","Biden says strikes against Yemen will continue",28,140,2.33333333333333
"725","Brothers jailed for Geneva Ming Dynasty museum heist",28,140,2.33333333333333
"726","Grammy Awards: The main winners and nominees",28,140,2.33333333333333
"727","Israel W Bank hospital raid kills three militants",28,140,2.33333333333333
"728","First lady's Dior bag shakes South Korean politics",27,135,2.25
"729","Inside the nine-month cruise going viral on TikTok",27,135,2.25
"730","Mauritius assesses damage after Cyclone Belal",27,135,2.25
"731","News channel's doctored image of MP causes anger",27,135,2.25
"732","Ukraine not ruling out PoWs on downed Russian plane",27,135,2.25
"733","'I want to stop babies being abandoned like I was'",26,130,2.16666666666667
"734","Australia axes 'golden visa' scheme for mega-rich",26,130,2.16666666666667
"735","Dua Lipa: Fans don't want pop stars to be smart",26,130,2.16666666666667
"736","Gilgo Beach suspect charged with fourth murder",26,130,2.16666666666667
"737","Ketamine stash worth €55m seized in Netherlands",26,130,2.16666666666667
"738","SA goalkeeper saves four penalties in shootout win",26,130,2.16666666666667
"739","Scientists clone monkey to speed medical research",26,130,2.16666666666667
"740","UK reconsiders relocating ex-Afghan special forces",26,130,2.16666666666667
"741","Why portraits still matter in an era of selfies",26,130,2.16666666666667
"742","'Almost like an invite': Why so many migrants head for US",25,125,2.08333333333333
"743","Dua Lipa: People don't want pop stars to be smart",25,125,2.08333333333333
"744","First IVF rhino pregnancy 'could save species'",25,125,2.08333333333333
"745","Trump ordered to pay NY Times $392,000 in legal costs",25,125,2.08333333333333
"746","US says strikes on Iran-linked sites just 'beginning'",25,125,2.08333333333333
"747","'We need jungle' - Amol Rajan on his TV quiz remix craze",24,120,2
"748","Bomb blasts kill dozens day before Pakistan vote",24,120,2
"749","Celine Dion makes surprise appearance at Grammys",24,120,2
"750","Melania Trump's mother Amalija Knavs dies at 78",24,120,2
"751","Student jailed for fiance's car drag death",24,120,2
"752","Unique flying reptile soared above Isle of Skye",24,120,2
"753","US condemns Iran for 'reckless' attacks on Iraq",24,120,2
"754","Brazil's ex-leader Bolsonaro to have passport seized",23,115,1.91666666666667
"755","Explosions hit Syrian capital - local media",23,115,1.91666666666667
"756","Greek ship hit by missile in Red Sea",23,115,1.91666666666667
"757","Iranian hired Hells Angel to kill defector, US says",23,115,1.91666666666667
"758","Kylie, Billie Eilish and Beatles win early Grammys",23,115,1.91666666666667
"759","Musk moves to shift Tesla's legal home to Texas",23,115,1.91666666666667
"760","One dead in shooting at Istanbul Catholic church",23,115,1.91666666666667
"761","Taiwan elects William Lai president in historic vote",23,115,1.91666666666667
"762","US shoots down missile from Yemen fired at warship",23,115,1.91666666666667
"763","Huge blast rocks Nigerian city of Ibadan",22,110,1.83333333333333
"764","Israeli military says 21 soldiers killed in Gaza",22,110,1.83333333333333
"765","Man locked in India plane toilet for over an hour",22,110,1.83333333333333
"766","US launches Boeing investigation after blowout",22,110,1.83333333333333
"767","Arrest after death of US art dealer in Brazil",21,105,1.75
"768","Australian drill rap vs the police",21,105,1.75
"769","Caught in a Ugandan propaganda network",21,105,1.75
"770","China fury as Messi plays after missing Hong Kong game",21,105,1.75
"771","France bans Biscay fishing to protect dolphins",21,105,1.75
"772","Haley beaten by 'none of the candidates' in Nevada",21,105,1.75
"773","Huge push for Gaza aid - but little hope for those suffering",21,105,1.75
"774","Indian men conned by 'impregnating women' job scam",21,105,1.75
"775","Israeli protesters hold up aid trucks to Gaza",21,105,1.75
"776","Kenya court blocks police deployment to Haiti",21,105,1.75
"777","MrBeast reveals he made $250,000 from X video",21,105,1.75
"778","Newborn girl found in bag by dog walker",21,105,1.75
"779","Sinner wins first major with epic fightback",21,105,1.75
"780","Statement in full: King diagnosed with cancer",21,105,1.75
"781","WWE founder accused of sex trafficking",21,105,1.75
"782","Foreign Office warns man running length of Africa",20,100,1.66666666666667
"783","Republican rivals make final pitches in frozen Iowa",20,100,1.66666666666667
"784","UN helicopter and crew seized by Somali Islamists",20,100,1.66666666666667
"785","Woman dies after being attacked by dogs",20,100,1.66666666666667
"786","'Almost like an invite': why so many migrants head for US",19,95,1.58333333333333
"787","Alkali attack suspect was not eligible for asylum",19,95,1.58333333333333
"788","Dogs that killed grandmother were XL bullies",19,95,1.58333333333333
"789","Four migrants die trying to cross Channel",19,95,1.58333333333333
"790","Harry settles phone-hacking case with Mirror group",19,95,1.58333333333333
"791","Houthis claim to have hit US merchant ship in Red Sea",19,95,1.58333333333333
"792","Iceland lava slowing down after day of destruction",19,95,1.58333333333333
"793","Iran seizes oil tanker near Oman - reports",19,95,1.58333333333333
"794","Nairobi gas blast kills two and injures more than 220",19,95,1.58333333333333
"795","No charge for Biden over documents but report questions memory",19,95,1.58333333333333
"796","Spain's Prime Minister defends Eurovision entry",19,95,1.58333333333333
"797","UN court to hear genocide case against Israel",19,95,1.58333333333333
"798","Amateur wins PGA Tour event for first time since 1991",18,90,1.5
"799","Manhunt after eight shot dead in Illinois city",18,90,1.5
"800","Misinformation spreads in China on ‘civil war’ in Texas",18,90,1.5
"801","Nations receiving US arms told to abide by laws of war",18,90,1.5
"802","Netanyahu orders military to plan Rafah evacuation",18,90,1.5
"803","Newborn baby girl found wrapped in towel in bag",18,90,1.5
"804","Pakistan-Iran diplomatic ties restored after strikes",18,90,1.5
"805","Royal Marine's stolen prosthetic legs found",18,90,1.5
"806","Suspected Jordanian air strikes in Syria kill 10",18,90,1.5
"807","Temperatures of -13C with snow and ice warnings in place",18,90,1.5
"808","Bear rescued in Ukraine shelling gets Scottish home",17,85,1.41666666666667
"809","China reveals British national jailed for spying",17,85,1.41666666666667
"810","Explosives held by illegal miners rock Nigeria city",17,85,1.41666666666667
"811","Fire destroys almost all of Abkhazia's art collection",17,85,1.41666666666667
"812","Hamilton to leave Mercedes and join Ferrari in 2025",17,85,1.41666666666667
"813","Jason Momoa's 1929 Rolls-Royce car turned electric",17,85,1.41666666666667
"814","Kinshasa chaos as Congo river hits near-record level",17,85,1.41666666666667
"815","Maine father drowns in icy pond after saving son",17,85,1.41666666666667
"816","Nairobi gas blast kills two and injures hundreds",17,85,1.41666666666667
"817","Police search for motive in Illinois mass killing",17,85,1.41666666666667
"818","Princess of Wales has planned abdominal surgery",17,85,1.41666666666667
"819","Ship linked to Britain on fire after Houthi attack",17,85,1.41666666666667
"820","UK halts Canada trade talks over beef rules",17,85,1.41666666666667
"821","Cyclone brings heavy rain to Réunion and Mauritius",16,80,1.33333333333333
"822","Joni Mitchell to make Grammy debut performance",16,80,1.33333333333333
"823","Jury starts deliberating in Trump defamation trial",16,80,1.33333333333333
"824","Legendary coach Belichick to leave Patriots",16,80,1.33333333333333
"825","Ron DeSantis suspends campaign for president",16,80,1.33333333333333
"826","Spanish triple murder linked to online romance scam",16,80,1.33333333333333
"827","Stars gear up for Emmy Awards after strike delay",16,80,1.33333333333333
"828","Ukrainian-born model named Miss Japan stirs controversy",16,80,1.33333333333333
"829","ESPN returns Emmys won using fake names",15,75,1.25
"830","Iran denies involvement in attack that killed US troops",15,75,1.25
"831","Newborn baby found in shopping bag by dog walker",15,75,1.25
"832","Police believe Clapham suspect died in Thames",15,75,1.25
"833","Political grenade thrusts Biden’s age into spotlight",15,75,1.25
"834","Three killed as record rainfall drenches California",15,75,1.25
"835","Trump, Haley and DeSantis make final pitches in Iowa",15,75,1.25
"836","US to increase oversight of Boeing after blowout",15,75,1.25
"837","Woman who died in dog attack named by family",15,75,1.25
"838","'My memory is fine': Biden hits back at special counsel",14,70,1.16666666666667
"839","At least 29 injured in Kenya gas plant explosion",14,70,1.16666666666667
"840","Australia axes 'Golden visa' scheme for mega rich",14,70,1.16666666666667
"841","Big US jobs rise in January surprises again",14,70,1.16666666666667
"842","Billie's Barbie track wins Grammy song of the year",14,70,1.16666666666667
"843","Clapham suspect died in Thames, police believe",14,70,1.16666666666667
"844","Donald Trump scores crushing win in Nevada caucus",14,70,1.16666666666667
"845","Flight returns to Japan after ‘drunk’ man bites crew",14,70,1.16666666666667
"846","High Court throws out Trump ex-spy dossier case",14,70,1.16666666666667
"847","Russia says 28 killed in strike on occupied Ukraine city",14,70,1.16666666666667
"848","Stalin icon removed from Georgia church",14,70,1.16666666666667
"849","Succession among early winners at Emmy Awards",14,70,1.16666666666667
"850","Sudan leaves regional bloc over attempt to end war",14,70,1.16666666666667
"851","Thunberg case thrown out because of 'no evidence'",14,70,1.16666666666667
"852","What is the genocide case against Israel?",14,70,1.16666666666667
"853","Bob Marley fans Harry and Meghan attend film launch",13,65,1.08333333333333
"854","Five US Marines dead in California helicopter crash",13,65,1.08333333333333
"855","Harry settles phone hacking claim with Mirror group",13,65,1.08333333333333
"856","Republicans back contempt charges for Hunter Biden",13,65,1.08333333333333
"857","Senior Iran security officials killed in Syria",13,65,1.08333333333333
"858","State of emergency in Catalonia over worst ever drought",13,65,1.08333333333333
"859","Three US troops killed in drone attack in Jordan",13,65,1.08333333333333
"860","Toyota warns 50,000 vehicle owners to stop driving",13,65,1.08333333333333
"861","Woman killed, 12 hurt in Israel car-ramming attack",13,65,1.08333333333333
"862","China tightens stock market rules after sell-off",12,60,1
"863","Deadly blasts in Pakistan day before general election",12,60,1
"864","EU scraps plans to halve pesticide use",12,60,1
"865","Girls found dead with family died of knife wounds",12,60,1
"866","Grandmother killed by XL bully dogs, family says",12,60,1
"867","It's not war Taiwan's young voters worry about - it's jobs",12,60,1
"868","Man charged with stalking near Taylor Swift's home",12,60,1
"869","More China tariffs if re-elected, Trump says",12,60,1
"870","Notorious Mexican cartel leader 'La Kena' captured",12,60,1
"871","Police videos reveal grooming fantasist's deceit",12,60,1
"872","Seized UN helicopter hit by object in Somalia - source",12,60,1
"873","Supreme Court sides with Biden in Texas border dispute",12,60,1
"874","Temperatures of -14C with snow and ice warnings in place",12,60,1
"875","Trump gives a 4-minute defence in defamation trial",12,60,1
"876","US voters react to Trump's commanding Iowa win",12,60,1
"877","US will not support unplanned Rafah offensive",12,60,1
"878","'Toy poodles' on the Moon: Japan lander gets to work",11,55,0.916666666666667
"879","Amazon fined for 'excessive' surveillance of workers",11,55,0.916666666666667
"880","Baltimore Ravens player helps in mid-flight emergency",11,55,0.916666666666667
"881","Barcelona manager Xavi to leave at end of season",11,55,0.916666666666667
"882","Chinese ship's port call flares India tension",11,55,0.916666666666667
"883","Entire UK under storm warnings as Isha blows in",11,55,0.916666666666667
"884","Footage released of Clapham attack suspect search",11,55,0.916666666666667
"885","Imran Khan jailed for leaking state secrets",11,55,0.916666666666667
"886","Indian player sparks conversation on sexism in chess",11,55,0.916666666666667
"887","Italian minister resigns amid stolen painting probe",11,55,0.916666666666667
"888","No sirens - Austin ambulance request in new audio",11,55,0.916666666666667
"889","Police not deployed to 999 call from family death house",11,55,0.916666666666667
"890","Released Iranian journalists face new hijab case",11,55,0.916666666666667
"891","Taiwan elects pro-sovereign William Lai, angering Beijing",11,55,0.916666666666667
"892","Alec Baldwin charged with involuntary manslaughter",10,50,0.833333333333333
"893","BBC releases emails about Bashir's Diana interview",10,50,0.833333333333333
"894","Brunei's 'hot prince' formally married in ceremony",10,50,0.833333333333333
"895","Dua Lipa opens show and SZA sizzles at Grammys",10,50,0.833333333333333
"896","Nose-dived Moon lander 'wakes up' and gets to work",10,50,0.833333333333333
"897","Pakistan cuts off mobile internet as country votes",10,50,0.833333333333333
"898","Polls close in Pakistan after mobile internet cut",10,50,0.833333333333333
"899","Russian air strikes reported across Ukraine",10,50,0.833333333333333
"900","Tennis greats' Saudi stance 'beyond disappointing'",10,50,0.833333333333333
"901","Three reasons why US border crossings at record high",10,50,0.833333333333333
"902","US senators move to salvage Ukraine aid in new vote",10,50,0.833333333333333
"903","Biden wins in New Hampshire despite not being on ballot",9,45,0.75
"904","Drone strike kills Iran-aligned militia leader in Iraq",9,45,0.75
"905","Ecuador city tries to return to normal after gang horror",9,45,0.75
"906","H&M pulls advert accused of sexualising children",9,45,0.75
"907","Michigan school shooter's mother found guilty",9,45,0.75
"908","Mother and girls targeted in 'corrosive substance' attack",9,45,0.75
"909","Pakistan ex-PM Imran Khan jailed another 14 years",9,45,0.75
"910","Putin interview released by ex-Fox host Tucker Carlson",9,45,0.75
"911","Russian air strikes claim three lives in Ukraine",9,45,0.75
"912","Succession, Beef and The Bear among Emmy winners",9,45,0.75
"913","What do Putin and Carlson gain from the interview?",9,45,0.75
"914","Crashed US Marine helicopter carrying five found",8,40,0.666666666666667
"915","French farmers block major roads around Paris",8,40,0.666666666666667
"916","I was taken by surprise on £1,000 Rwanda bet - PM",8,40,0.666666666666667
"917","N Korea's Kim abandons unification goal with South",8,40,0.666666666666667
"918","Pakistan launches missile strikes into Iran",8,40,0.666666666666667
"919","PayPal cuts 2,500 jobs in the face of competition",8,40,0.666666666666667
"920","Poland's leaders caught up in battle for airwaves",8,40,0.666666666666667
"921","Putin's latest challenge? Protesting military wives",8,40,0.666666666666667
"922","The Nigerian professor who makes more money welding",8,40,0.666666666666667
"923","UK navy ship shoots down Houthi drone in Red Sea",8,40,0.666666666666667
"924","Australian MP accuses news channel of editing body",7,35,0.583333333333333
"925","Captain Cook statue vandalised ahead of Australia Day",7,35,0.583333333333333
"926","Christie drops out of Republican White House race",7,35,0.583333333333333
"927","Four migrants die trying to cross Channel - reports",7,35,0.583333333333333
"928","Haley and DeSantis face-off in Iowa Republican debate",7,35,0.583333333333333
"929","HK judge orders liquidation of China Evergrande",7,35,0.583333333333333
"930","Iran executes protester with mental health condition",7,35,0.583333333333333
"931","Namibia leader sworn-in hours after predecessor dies",7,35,0.583333333333333
"932","Spain's Rubiales to face trial for World Cup kiss",7,35,0.583333333333333
"933","Temperatures of -13C amid snow and ice warnings",7,35,0.583333333333333
"934","Trump storms out of court during defamation trial",7,35,0.583333333333333
"935","What do Putin and Carlson gain from Kremlin interview?",7,35,0.583333333333333
"936","William visits Kate in hospital",7,35,0.583333333333333
"937","World record for energy from nuclear fusion set",7,35,0.583333333333333
"938","WWE boss Vince McMahon quits after sex abuse claim",7,35,0.583333333333333
"939","Biden gaffe sparks 'they've both got pyramids' jokes",6,30,0.5
"940","Biden sanctions Israeli settlers over West Bank violence",6,30,0.5
"941","Bills and border crisis drive Trump voters to polls",6,30,0.5
"942","Deadly market blast hits Russia-held Ukraine city",6,30,0.5
"943","E Jean Carroll testifies at Trump defamation trial",6,30,0.5
"944","Funding paused as UN staff probed over Hamas attack",6,30,0.5
"945","Haley and DeSantis face-off in last Republican debate",6,30,0.5
"946","Italian influencers to be bound by tighter rules",6,30,0.5
"947","Legendary Radio 1 DJ Annie Nightingale dies at 83",6,30,0.5
"948","Pakistan launches retaliatory strikes on Iran",6,30,0.5
"949","Pressure grows on Kosovo's Serbs with currency curb",6,30,0.5
"950","Rap star shot by godson over drug deal, court told",6,30,0.5
"951","Trump ordered to pay $83m for defaming E Jean Carroll",6,30,0.5
"952","""Will you come and get me?"" Gaza girl's desperate plea before losing contact",5,25,0.416666666666667
"953","At least 112 killed in Chile wildfires",5,25,0.416666666666667
"954","At least eight dead after Papua New Guinea rioting",5,25,0.416666666666667
"955","Biden kept top secret files but will not be charged",5,25,0.416666666666667
"956","Canada weighs capping foreign student admissions",5,25,0.416666666666667
"957","Controversy after Ukrainian-born model Miss Japan",5,25,0.416666666666667
"958","Grandmother dies in XL bully dog attack, family says",5,25,0.416666666666667
"959","Historic Messi napkin to be auctioned for £300,000",5,25,0.416666666666667
"960","Houthis target ship after US 'terror' designation",5,25,0.416666666666667
"961","Nine hurt after 'corrosive substance' thrown",5,25,0.416666666666667
"962","Queen died peacefully and without pain, book says",5,25,0.416666666666667
"963","Senate bid to salvage foreign aid as border deal fails",5,25,0.416666666666667
"964","The Ukraine schools moving underground to keep pupils safe",5,25,0.416666666666667
"965","Top court to consider if Trump should be kicked off ballot",5,25,0.416666666666667
"966","Ukraine's missing children traced by digital sleuths",5,25,0.416666666666667
"967","Deaths feared after huge gas blast in Kenyan capital",4,20,0.333333333333333
"968","Haley's uphill battle to catch Trump in New Hampshire",4,20,0.333333333333333
"969","Mauritius raises cyclone level warning to maximum",4,20,0.333333333333333
"970","More than 90 dead after fierce US winter storms",4,20,0.333333333333333
"971","Nine people hurt in 'corrosive substance' attack",4,20,0.333333333333333
"972","Pakistan's king of comebacks looks set to win again",4,20,0.333333333333333
"973","Putin challenger barred from Russia's presidential election",4,20,0.333333333333333
"974","Scores injured and deaths feared in Nairobi gas blast",4,20,0.333333333333333
"975","Storm disrupts final stretch of high-stakes Iowa race",4,20,0.333333333333333
"976","Success 'exceeded wildest dreams' - Belichick",4,20,0.333333333333333
"977","UK ends Canada trade talks over beef rules",4,20,0.333333333333333
"978","US Navy Seals presumed dead after anti-Houthi mission",4,20,0.333333333333333
"979","US won't be rushed on clearing grounded Boeing jets",4,20,0.333333333333333
"980","Weekly quiz: Where did Denmark's new queen first call home?",4,20,0.333333333333333
"981","Why did the US wait to retaliate after deadly drone strike?",4,20,0.333333333333333
"982","Without competition, Donald Trump cruises to Nevada win",4,20,0.333333333333333
"983","'I can't see': Witnesses recount 'horrific' south London attack",3,15,0.25
"984","Angolan billionaire rejects fresh criminal charges",3,15,0.25
"985","Biden says he has decided US Jordan attack response",3,15,0.25
"986","Biden says strikes in Yemen will continue",3,15,0.25
"987","Boeing in ‘last chance saloon’, Emirates boss says",3,15,0.25
"988","Canadian official gets 14 years for leaking secrets",3,15,0.25
"989","Cher denied conservatorship request over son",3,15,0.25
"990","Clapham suspect pictured with injury after attack",3,15,0.25
"991","DUP executive members endorse devolution deal",3,15,0.25
"992","Ex-Trump aide gets four months for contempt of Congress",3,15,0.25
"993","FBI says China state cyber group hacked key assets",3,15,0.25
"994","French farmer and daughter killed as car hits protest",3,15,0.25
"995","Fugitive who faked death refuses court appearance",3,15,0.25
"996","Inquiry after boy, two, and dad found dead at home",3,15,0.25
"997","Israel says it has encircled Gaza's Khan Younis",3,15,0.25
"998","Klopp 'convinced' leaving Liverpool is 'right'",3,15,0.25
"999","Kylie wins second Grammy Award after 20 years",3,15,0.25
"1000","Landslide in southwest China buries at least 47",3,15,0.25
"1001","Maine court delays verdict on Trump ballot appeal",3,15,0.25
"1002","Man charged over London Stock Exchange plot",3,15,0.25
"1003","Missing China billionaire banker returns to resign",3,15,0.25
"1004","Oppenheimer and Poor Things lead Oscar nominations",3,15,0.25
"1005","PM faces key Rwanda vote after deputy chairs quit",3,15,0.25
"1006","Polls close in Pakistan vote marred by internet cut",3,15,0.25
"1007","Princess of Wales 'doing well' after surgery",3,15,0.25
"1008","Several feared dead in Papua New Guinea rioting",3,15,0.25
"1009","Special counsel raises questions about Biden's memory",3,15,0.25
"1010","Special counsel will not charge Biden over classified documents",3,15,0.25
"1011","The Indian hotel murder that inspired Agatha Christie",3,15,0.25
"1012","Thrilled, dismayed... US voters on Trump's big Iowa win",3,15,0.25
"1013","Ukraine MPs block plans to lower conscription age",3,15,0.25
"1014","""God gave us Trump"" - evangelicals key in Iowa vote",2,10,0.166666666666667
"1015","At least 99 killed in Chile wildfires",2,10,0.166666666666667
"1016","China's population drops for second straight year",2,10,0.166666666666667
"1017","Christie set to drop out of US presidential race",2,10,0.166666666666667
"1018","Former England boss Eriksson has terminal cancer",2,10,0.166666666666667
"1019","German train drivers stage longest strike on record",2,10,0.166666666666667
"1020","How common is King's incidental cancer diagnosis?",2,10,0.166666666666667
"1021","I'm working but homeless and bottom of the housing list",2,10,0.166666666666667
"1022","Inmate hours away from first US nitrogen execution",2,10,0.166666666666667
"1023","Newborn baby girl found in shopping bag",2,10,0.166666666666667
"1024","North Koreans working in China 'exploited like slaves'",2,10,0.166666666666667
"1025","Nuclear success brings dream of clean energy closer",2,10,0.166666666666667
"1026","Pakistan ex-PM Imran Khan jailed for another 14 years",2,10,0.166666666666667
"1027","Putin challenger says he is barred from election",2,10,0.166666666666667
"1028","Several dead after plane crashes into Florida home",2,10,0.166666666666667
"1029","Thunberg case thrown because of 'no evidence'",2,10,0.166666666666667
"1030","Trump's fraud trial ends with heated exchange with judge",2,10,0.166666666666667
"1031","Trump lashes out during last day of fraud trial",2,10,0.166666666666667
"1032","UK-Canada trade talks halted in beef and cheese row",2,10,0.166666666666667
"1033","US House fails to impeach Mayorkas over border crisis",2,10,0.166666666666667
"1034","US strikes Houthi missiles in Yemen 'in self defence'",2,10,0.166666666666667
"1035","Woman severely injured in Sydney Harbour shark attack",2,10,0.166666666666667
"1036","Biden 'wilfully retained' classified files but will not face charges",1,5,0.0833333333333333
"1037","Biden defends his memory after special counsel criticism",1,5,0.0833333333333333
"1038","Biden says he's decided US response to Jordan attack",1,5,0.0833333333333333
"1039","Biden will not face criminal charges, says Special Counsel",1,5,0.0833333333333333
"1040","Blinken grounded as plane has 'critical failure'",1,5,0.0833333333333333
"1041","Coolidge among early winners at Emmy Awards",1,5,0.0833333333333333
"1042","Detained Australian given suspended death sentence in China",1,5,0.0833333333333333
"1043","Disney boss bets on Taylor Swift and Fortnite",1,5,0.0833333333333333
"1044","Elon Musk's $56bn Tesla pay deal voided by court",1,5,0.0833333333333333
"1045","Family's anger over conditions killer dogs kept in",1,5,0.0833333333333333
"1046","Gosling 'disappointed' by Gerwig and Robbie Oscar snubs",1,5,0.0833333333333333
"1047","Haley and DeSantis to face off in Iowa debate",1,5,0.0833333333333333
"1048","Illinois mass shooting suspect dies in Texas",1,5,0.0833333333333333
"1049","Jockey, 25, dies after fall at horse race in Kent",1,5,0.0833333333333333
"1050","Nuclear breakthrough brings clean energy dream closer",1,5,0.0833333333333333
"1051","Nuclear fusion leap brings clean energy dream closer",1,5,0.0833333333333333
"1052","Prince William visits Kate in hospital",1,5,0.0833333333333333
"1053","Russia military jet crashes in region near Ukraine",1,5,0.0833333333333333
"1054","Russian band arrested in Phuket faces deportation",1,5,0.0833333333333333
"1055","Sunak must be replaced as PM, says senior Tory MP",1,5,0.0833333333333333
"1056","The Ukraine schools moving underground to keep children safe",1,5,0.0833333333333333
"1057","They were Israel's eyes on the border - their Hamas warnings went unheard",1,5,0.0833333333333333
"1058","Thunberg case thrown out for 'unlawful' conditions",1,5,0.0833333333333333
"1059","Trailblazing Radio 1 DJ Annie Nightingale dies at 83",1,5,0.0833333333333333
"1060","US Navy Seals presumed dead after Houthi operation",1,5,0.0833333333333333
"1061","Woman dies in XL bully dog attack, family says",1,5,0.0833333333333333
